x,y,predicted_stage,stage_name,num_observations
2,0,3,bbch_51,1
1,0,3,bbch_51,1
3,0,3,bbch_51,1
0,0,4,bbch_75,1
4,0,3,bbch_51,1
8,0,4,bbch_75,1
5,0,4,bbch_75,1
6,0,4,bbch_75,1
7,0,4,bbch_75,1
9,0,4,bbch_75,1
10,0,3,bbch_51,1
11,0,4,bbch_75,1
13,0,4,bbch_75,1
12,0,4,bbch_75,1
16,0,3,bbch_51,1
14,0,3,bbch_51,1
15,0,3,bbch_51,1
17,0,3,bbch_51,1
18,0,3,bbch_51,1
19,0,0,bbch_00,1
20,0,0,bbch_00,1
22,0,0,bbch_00,1
21,0,0,bbch_00,1
3,1,3,bbch_51,1
2,1,3,bbch_51,1
0,1,3,bbch_51,1
1,1,3,bbch_51,1
4,1,3,bbch_51,1
7,1,4,bbch_75,1
6,1,4,bbch_75,1
5,1,4,bbch_75,1
9,1,4,bbch_75,1
8,1,4,bbch_75,1
10,1,4,bbch_75,1
12,1,3,bbch_51,1
11,1,4,bbch_75,1
13,1,3,bbch_51,1
15,1,0,bbch_00,1
14,1,3,bbch_51,1
16,1,0,bbch_00,1
17,1,0,bbch_00,1
19,1,0,bbch_00,1
20,1,0,bbch_00,1
18,1,0,bbch_00,1
21,1,0,bbch_00,1
22,1,0,bbch_00,1
0,2,3,bbch_51,1
1,2,3,bbch_51,1
3,2,3,bbch_51,1
2,2,3,bbch_51,1
4,2,3,bbch_51,1
5,2,3,bbch_51,1
7,2,3,bbch_51,1
6,2,4,bbch_75,1
8,2,3,bbch_51,1
10,2,3,bbch_51,1
9,2,4,bbch_75,1
11,2,3,bbch_51,1
14,2,3,bbch_51,1
13,2,3,bbch_51,1
12,2,3,bbch_51,1
15,2,0,bbch_00,1
17,2,0,bbch_00,1
16,2,0,bbch_00,1
18,2,0,bbch_00,1
19,2,0,bbch_00,1
20,2,0,bbch_00,1
21,2,0,bbch_00,1
22,2,0,bbch_00,1
0,3,3,bbch_51,1
2,3,3,bbch_51,1
1,3,3,bbch_51,1
3,3,3,bbch_51,1
5,3,3,bbch_51,1
4,3,3,bbch_51,1
6,3,3,bbch_51,1
9,3,3,bbch_51,1
7,3,3,bbch_51,1
8,3,3,bbch_51,1
10,3,3,bbch_51,1
11,3,3,bbch_51,1
12,3,3,bbch_51,1
13,3,3,bbch_51,1
14,3,3,bbch_51,1
15,3,3,bbch_51,1
16,3,3,bbch_51,1
17,3,3,bbch_51,1
19,3,0,bbch_00,1
18,3,3,bbch_51,1
20,3,0,bbch_00,1
21,3,0,bbch_00,1
22,3,0,bbch_00,1
0,4,3,bbch_51,1
1,4,3,bbch_51,1
3,4,3,bbch_51,1
2,4,3,bbch_51,1
4,4,3,bbch_51,1
5,4,3,bbch_51,1
6,4,3,bbch_51,1
7,4,3,bbch_51,1
8,4,3,bbch_51,1
10,4,3,bbch_51,1
9,4,3,bbch_51,1
11,4,3,bbch_51,1
13,4,3,bbch_51,1
12,4,3,bbch_51,1
16,4,3,bbch_51,1
14,4,3,bbch_51,1
15,4,3,bbch_51,1
17,4,3,bbch_51,1
18,4,3,bbch_51,1
19,4,0,bbch_00,1
20,4,0,bbch_00,1
21,4,0,bbch_00,1
22,4,0,bbch_00,1
1,5,0,bbch_00,1
0,5,0,bbch_00,1
2,5,3,bbch_51,1
4,5,3,bbch_51,1
3,5,3,bbch_51,1
5,5,3,bbch_51,1
7,5,3,bbch_51,1
6,5,3,bbch_51,1
8,5,3,bbch_51,1
9,5,3,bbch_51,1
11,5,3,bbch_51,1
10,5,3,bbch_51,1
12,5,3,bbch_51,1
13,5,3,bbch_51,1
14,5,3,bbch_51,1
15,5,3,bbch_51,1
16,5,3,bbch_51,1
17,5,3,bbch_51,1
18,5,3,bbch_51,1
19,5,0,bbch_00,1
20,5,0,bbch_00,1
21,5,0,bbch_00,1
0,6,0,bbch_00,1
22,5,6,bbch_99,1
1,6,0,bbch_00,1
2,6,3,bbch_51,1
3,6,3,bbch_51,1
4,6,3,bbch_51,1
7,6,3,bbch_51,1
5,6,3,bbch_51,1
6,6,3,bbch_51,1
9,6,3,bbch_51,1
8,6,3,bbch_51,1
10,6,3,bbch_51,1
11,6,3,bbch_51,1
12,6,3,bbch_51,1
14,6,3,bbch_51,1
13,6,3,bbch_51,1
15,6,3,bbch_51,1
16,6,3,bbch_51,1
17,6,3,bbch_51,1
19,6,0,bbch_00,1
18,6,3,bbch_51,1
22,6,0,bbch_00,1
20,6,0,bbch_00,1
21,6,0,bbch_00,1
0,7,3,bbch_51,1
1,7,0,bbch_00,1
2,7,3,bbch_51,1
3,7,3,bbch_51,1
4,7,3,bbch_51,1
5,7,3,bbch_51,1
6,7,3,bbch_51,1
7,7,3,bbch_51,1
9,7,3,bbch_51,1
8,7,3,bbch_51,1
13,7,3,bbch_51,1
10,7,3,bbch_51,1
11,7,3,bbch_51,1
12,7,3,bbch_51,1
14,7,3,bbch_51,1
17,7,3,bbch_51,1
15,7,0,bbch_00,1
16,7,0,bbch_00,1
18,7,3,bbch_51,1
19,7,0,bbch_00,1
21,7,0,bbch_00,1
20,7,0,bbch_00,1
22,7,6,bbch_99,1
0,8,0,bbch_00,1
2,8,3,bbch_51,1
1,8,0,bbch_00,1
3,8,3,bbch_51,1
4,8,3,bbch_51,1
6,8,3,bbch_51,1
5,8,3,bbch_51,1
8,8,3,bbch_51,1
7,8,3,bbch_51,1
9,8,3,bbch_51,1
10,8,3,bbch_51,1
13,8,3,bbch_51,1
12,8,3,bbch_51,1
11,8,3,bbch_51,1
14,8,3,bbch_51,1
15,8,3,bbch_51,1
16,8,0,bbch_00,1
17,8,3,bbch_51,1
21,8,0,bbch_00,1
19,8,0,bbch_00,1
18,8,3,bbch_51,1
20,8,0,bbch_00,1
22,8,0,bbch_00,1
0,9,3,bbch_51,1
2,9,3,bbch_51,1
1,9,3,bbch_51,1
5,9,3,bbch_51,1
3,9,3,bbch_51,1
6,9,3,bbch_51,1
4,9,3,bbch_51,1
9,9,3,bbch_51,1
7,9,3,bbch_51,1
8,9,3,bbch_51,1
10,9,3,bbch_51,1
14,9,0,bbch_00,1
11,9,3,bbch_51,1
13,9,3,bbch_51,1
12,9,3,bbch_51,1
15,9,3,bbch_51,1
16,9,3,bbch_51,1
18,9,3,bbch_51,1
17,9,3,bbch_51,1
19,9,0,bbch_00,1
21,9,0,bbch_00,1
20,9,0,bbch_00,1
22,9,0,bbch_00,1
1,10,3,bbch_51,1
0,10,0,bbch_00,1
2,10,3,bbch_51,1
3,10,3,bbch_51,1
6,10,3,bbch_51,1
4,10,3,bbch_51,1
5,10,3,bbch_51,1
7,10,3,bbch_51,1
8,10,3,bbch_51,1
9,10,3,bbch_51,1
10,10,3,bbch_51,1
11,10,3,bbch_51,1
12,10,3,bbch_51,1
13,10,3,bbch_51,1
14,10,0,bbch_00,1
15,10,3,bbch_51,1
16,10,3,bbch_51,1
17,10,3,bbch_51,1
18,10,3,bbch_51,1
19,10,0,bbch_00,1
20,10,0,bbch_00,1
21,10,0,bbch_00,1
1,11,3,bbch_51,1
22,10,0,bbch_00,1
0,11,3,bbch_51,1
2,11,3,bbch_51,1
3,11,3,bbch_51,1
4,11,3,bbch_51,1
5,11,3,bbch_51,1
6,11,3,bbch_51,1
8,11,3,bbch_51,1
7,11,3,bbch_51,1
9,11,3,bbch_51,1
10,11,3,bbch_51,1
12,11,3,bbch_51,1
11,11,3,bbch_51,1
13,11,3,bbch_51,1
15,11,3,bbch_51,1
14,11,3,bbch_51,1
17,11,3,bbch_51,1
16,11,3,bbch_51,1
18,11,3,bbch_51,1
20,11,0,bbch_00,1
19,11,0,bbch_00,1
21,11,6,bbch_99,1
22,11,0,bbch_00,1
2,12,3,bbch_51,1
1,12,3,bbch_51,1
0,12,3,bbch_51,1
4,12,3,bbch_51,1
3,12,3,bbch_51,1
5,12,3,bbch_51,1
6,12,3,bbch_51,1
7,12,3,bbch_51,1
8,12,3,bbch_51,1
9,12,3,bbch_51,1
10,12,3,bbch_51,1
12,12,3,bbch_51,1
11,12,3,bbch_51,1
13,12,3,bbch_51,1
14,12,3,bbch_51,1
16,12,3,bbch_51,1
15,12,3,bbch_51,1
17,12,3,bbch_51,1
19,12,0,bbch_00,1
18,12,3,bbch_51,1
20,12,0,bbch_00,1
0,13,3,bbch_51,1
21,12,6,bbch_99,1
22,12,0,bbch_00,1
1,13,3,bbch_51,1
3,13,0,bbch_00,1
4,13,3,bbch_51,1
2,13,3,bbch_51,1
5,13,3,bbch_51,1
6,13,3,bbch_51,1
9,13,3,bbch_51,1
8,13,3,bbch_51,1
7,13,3,bbch_51,1
12,13,3,bbch_51,1
10,13,3,bbch_51,1
11,13,3,bbch_51,1
13,13,3,bbch_51,1
15,13,3,bbch_51,1
16,13,3,bbch_51,1
17,13,0,bbch_00,1
14,13,3,bbch_51,1
20,13,0,bbch_00,1
21,13,0,bbch_00,1
18,13,0,bbch_00,1
19,13,0,bbch_00,1
0,14,3,bbch_51,1
1,14,3,bbch_51,1
22,13,0,bbch_00,1
2,14,3,bbch_51,1
6,14,3,bbch_51,1
4,14,3,bbch_51,1
3,14,0,bbch_00,1
5,14,3,bbch_51,1
8,14,3,bbch_51,1
7,14,3,bbch_51,1
10,14,3,bbch_51,1
9,14,3,bbch_51,1
11,14,3,bbch_51,1
12,14,3,bbch_51,1
13,14,3,bbch_51,1
14,14,3,bbch_51,1
15,14,3,bbch_51,1
16,14,3,bbch_51,1
18,14,0,bbch_00,1
17,14,0,bbch_00,1
19,14,0,bbch_00,1
20,14,0,bbch_00,1
21,14,0,bbch_00,1
22,14,0,bbch_00,1
0,15,1,bbch_10,1
1,15,3,bbch_51,1
2,15,0,bbch_00,1
3,15,0,bbch_00,1
4,15,0,bbch_00,1
6,15,0,bbch_00,1
5,15,0,bbch_00,1
8,15,0,bbch_00,1
7,15,0,bbch_00,1
9,15,0,bbch_00,1
10,15,3,bbch_51,1
11,15,3,bbch_51,1
12,15,3,bbch_51,1
15,15,2,bbch_31,1
13,15,3,bbch_51,1
14,15,3,bbch_51,1
16,15,2,bbch_31,1
19,15,3,bbch_51,1
18,15,3,bbch_51,1
17,15,3,bbch_51,1
20,15,3,bbch_51,1
21,15,3,bbch_51,1
0,16,3,bbch_51,1
22,15,3,bbch_51,1
1,16,3,bbch_51,1
4,16,0,bbch_00,1
2,16,0,bbch_00,1
3,16,3,bbch_51,1
5,16,0,bbch_00,1
7,16,0,bbch_00,1
8,16,0,bbch_00,1
6,16,0,bbch_00,1
9,16,0,bbch_00,1
12,16,3,bbch_51,1
10,16,3,bbch_51,1
11,16,3,bbch_51,1
13,16,3,bbch_51,1
14,16,3,bbch_51,1
16,16,3,bbch_51,1
15,16,3,bbch_51,1
17,16,3,bbch_51,1
20,16,3,bbch_51,1
19,16,3,bbch_51,1
18,16,3,bbch_51,1
21,16,3,bbch_51,1
22,16,3,bbch_51,1
